codigo_crea , codigo_crea_registro , nacionalidade , naturalidade , data_expedicao_rg , data_geracao_rnp , data_nascimento , estado_civil , nome_profissional , numero_rg , orgao_expedidor , pais_nascimento , cpf , identificador_usuario , tipo_endereco_correspondencia , fator_rh , nec_especial , nro_impresso_carteira , tipo_registro , tipo_registro_profissional , sexo , grupo_sanguineo , anuidade_profissional , cpf_ass_prof_reg_temp , codigo_cr_recadastro , municipio_titulo_eleitor , data_inicial_registro , data_inicial_vinculo , data_registro_crea , data_validade_rnp , email , endereco , indicacao_recadastro , possui_nome_social , website_profissional , nome_prof_assistente , nome_pai , nome_mae , nome_social , numero_carteira_conselho_regional , numero_pis_pasep , numero_registro_conselho_regional , numero_titulo_eleitor , reg_nacional_assist_prof , num_secao_eleitoral , titulo_profissional , uf , uf_titulo_eleitor , num_zona_eleitoral
26 - CREA-SP , 20 - CREA-RJ , Peru , Ancash , 16 Nov, 1958 , 30 Apr, 2024 , 6 Sep, 2011 , O - Outros , Dane Duke , 251.382.851 , SSP/SP , Mauritania , 250898787-38 , Lance Ingram , P - Postal , N - Negativo , VA - Visual Auditiva , R , PP - Permanentre ( Diplomado no País ) , 2 - Ativo , M , O- , 9 , 642382465-08 , Dawn Foreman , Huaraz , 2025-01-07 20:21:04 , 2024-03-01 22:06:01 , 2024-03-31 16:04:55 , 2024-03-05 16:10:29 , ut.pellentesque@hotmail.com , 127-1393 In Avenue , Não , Não , http://guardian.co.uk , Germaine Wiley , Fritz MaleLloyd , Fredericka FemaleHarper , Zachary Sutton , 543.415.941.872.561.665 , 549.818.353.516.417 , 324.385.536.523.278 , 326.574.557.144 , 3478522776 , 7 , Engenheiro , ANC , LAM , 4
19 - CREA-PI , 01 - CREA-AC , Colombia , Caldas , 20 Jun, 2000 , 7 Jan, 2024 , 24 Sep, 2006 , S - Solteiro , Aidan Cantrell , 571.716.087 , SSP/DF , Armenia , 391182541-23 , Honorato Donovan , R - Residencial , P - Positivo , L - Locomotora , C , PP - Permanentre ( Diplomado no País ) , 2 - Ativo , M , A- , 6 , 632465148-02 , Rigel Hoffman , Riosucio , 2025-01-02 18:48:10 , 2023-09-04 00:29:36 , 2023-09-20 20:38:44 , 2024-08-31 03:10:09 , integer.aliquam.adipiscing@hotmail.com , 825-2279 Nulla. Rd. , Sim , Sim , http://reddit.com , Gareth Bailey , Eagan MaleBauer , Azalia FemalePatel , Lars Arnold , 866.161.852.583.566.545 , 063.758.174.048.673 , 524.473.342.537.411 , 675.085.157.412 , 3137375107 , 2 , Geocientista , CUN , NAR , 1
15 - CREA-PA , 23 - CREA-RO , Singapore , North-East Region , 31 Mar, 1995 , 26 Mar, 2024 , 28 Aug, 2001 , J - Separados Judicialmente , Stuart Bush , 725.583.211 , SSP/SP , Iraq , 075245712-02 , Dieter Weeks , C - Comercial , D - Fraco , AL - Auditiva Locomotora , C , PP - Permanentre ( Diplomado no País ) , 8 - Interrompido por falta de documentação , F , O+ , 0 , 441417366-44 , Bevis Frye , Hougang , 2023-12-19 01:41:26 , 2024-01-27 01:47:47 , 2025-05-31 23:12:17 , 2025-01-13 03:16:31 , mauris.blandit@gmail.com , P.O. Box 146, 5197 Et, Avenue , Sim , Não , http://baidu.com , Andrew Butler , Raphael MaleHorne , Basia FemaleWhitehead , Kasimir Kirkland , 662.871.272.261.556.844 , 481.620.615.357.341 , 117.586.184.775.653 , 649.545.221.470 , 5248563772 , 2 , Engenheiro , SG-01 , SG-02 , 4
26 - CREA-SP , 06 - CREA-CE , Philippines , Bicol Region , 16 May, 1945 , 18 Nov, 2024 , 12 Jun, 2018 , N - Não Informado , Wayne Cain , 248.077.265 , SSP/MS , Swaziland , 617162989-02 , Adrian Kane , R - Residencial , P - Positivo , AL - Auditiva Locomotora , C , TE - Temporário ( Diplomado no Exterior ) , 13 - Migrado CFTA , M , A- , 5 , 467362761-28 , Marsden Fitzgerald , Legazpi , 2023-11-19 08:08:59 , 2023-11-24 00:41:30 , 2023-11-22 18:51:16 , 2025-01-05 08:55:26 , est.nunc@hotmail.com , 528-3877 Felis Av. , Não , Não , https://cnn.com , Martha Carney , Jack MaleJacobs , Stephanie FemalePerkins , Bernard Yang , 581.135.936.807.885.748 , 604.577.287.551.018 , 743.754.722.384.276 , 087.635.138.457 , 3535332578 , 6 , Geocientista , regionXIII , regionXIII , 3
17 - CREA-PR , 19 - CREA-PI , China , Huáběi , 12 Mar, 1941 , 25 May, 2025 , 22 Dec, 2003 , V - Viúvo , Jonah Mcknight , 393.687.335 , SSP/MS , Sierra Leone , 264734921-88 , Hyatt Dudley , R - Residencial , N - Negativo , A - Auditiva , C , TR - Termo de Reciprocidade , 10 - Cancelado por Determinação Judicial , M , B- , 2 , 112144163-63 , Alisa Howard , Inner Mongolia , 2023-09-22 12:37:39 , 2025-02-28 14:04:22 , 2023-10-06 05:22:02 , 2023-12-19 09:27:55 , vestibulum@hotmail.com , Ap #477-991 Ipsum Ave , Não , Sim , http://cnn.com , Jennifer Dillard , Gage MaleRios , Maris FemaleClay , Kaseem Carlson , 825.195.047.367.839.464 , 262.714.851.446.012 , 060.221.799.272.228 , 611.765.182.855 , 0655442032 , 7 , Geocientista , Huádōng , Xīnán , 4
02 - CREA-AL , 19 - CREA-PI , Colombia , Huila , 28 May, 1956 , 1 Apr, 2025 , 5 Dec, 2021 , C - Casado , Olga Giles , 595.557.405 , SSP/SP , Montenegro , 889611205-17 , Rhea Booth , P - Postal , D - Fraco , VA - Visual Auditiva , R , PE - Permanente ( Diplomado no Exterior ) , 3 - Interrompido , F , B+ , 8 , 652521871-78 , Rhonda Buckner , Garzón , 2024-02-13 16:09:58 , 2024-01-09 18:08:16 , 2024-11-07 14:55:27 , 2024-12-11 10:51:19 , molestie.sodales.mauris@gmail.com , Ap #606-942 Vehicula St. , Sim , Sim , http://wikipedia.org , Yoshi Mcfarland , Sebastian MalePage , Tamekah FemaleKoch , Leandra Moon , 631.624.255.836.266.568 , 507.797.747.485.239 , 753.335.317.238.105 , 769.269.132.246 , 1655126044 , 8 , Engenheiro , SAN , PUT , 4
17 - CREA-PR , 26 - CREA-SP , Costa Rica , Limón , 15 Aug, 1967 , 29 Dec, 2023 , 15 Jan, 2005 , S - Solteiro , Leslie Robinson , 176.061.743 , SSP/MS , Mongolia , 342977999-81 , Hashim Mendez , R - Residencial , D - Fraco , N - Nenhuma , R , TE - Temporário ( Diplomado no Exterior ) , 10 - Cancelado por Determinação Judicial , F , A+ , 3 , 616533543-78 , Harding Grant , Guápiles , 2025-02-07 05:23:36 , 2025-03-14 11:47:57 , 2024-03-18 00:48:18 , 2023-09-14 04:41:48 , purus@gmail.com , Ap #545-5155 Nunc Rd. , Sim , Sim , https://walmart.com , Zahir Finley , Nathaniel MaleMcdonald , Farrah FemaleRaymond , Palmer Walls , 143.889.824.383.157.117 , 595.961.057.083.996 , 843.518.101.122.766 , 757.818.513.372 , 4233779446 , 8 , Engenheiro , P , P , 1
03 - CREA-AP , 26 - CREA-SP , Indonesia , East Java , 22 Oct, 1959 , 5 Nov, 2023 , 3 Oct, 2005 , D - Divorciado , Bree Turner , 121.772.132 , SSP/DF , Mauritania , 718433035-31 , Cameran Byrd , R - Residencial , N - Negativo , V - Visual , R , TE - Temporário ( Diplomado no Exterior ) , 7 - Cancelado por Falecimento , F , AB+ , 2 , 323210421-39 , Rhona Roy , Madiun , 2024-10-18 06:41:42 , 2024-12-14 10:26:31 , 2024-10-09 08:24:57 , 2024-12-05 03:38:13 , lectus.justo.eu@gmail.com , 9080 Mi St. , Não , Sim , https://twitter.com , Rajah Brooks , Seth MaleLevy , Nyssa FemaleRay , Christen Mccullough , 647.176.426.264.283.519 , 133.338.458.673.307 , 658.119.319.147.411 , 644.012.858.174 , 8404742743 , 4 , Geocientista , AC , JT , 1
15 - CREA-PA , 03 - CREA-AP , Australia , Northern Territory , 19 Aug, 2023 , 8 May, 2024 , 4 Jul, 2016 , N - Não Informado , Demetria Briggs , 767.421.285 , SSP/DF , Kenya , 948353741-58 , Freya Tyson , R - Residencial , P - Positivo , V - Visual , C , PP - Permanentre ( Diplomado no País ) , 12 - Migrado CFT Industriais , F , A+ , 3 , 822451041-73 , Lewis Yates , Darwin , 2023-12-31 07:14:45 , 2023-10-31 14:43:04 , 2025-05-28 01:48:44 , 2024-08-13 03:24:13 , eu.elit@gmail.com , 206-5555 Eget Avenue , Não , Sim , http://instagram.com , Mikayla Dunn , Len MaleWoodward , Jane FemaleWhitfield , Hiroko Lowery , 688.114.141.662.476.765 , 875.878.043.916.433 , 880.103.477.557.647 , 325.687.139.483 , 8675703783 , 1 , Geocientista , VIC , NT , 3
06 - CREA-CE , 01 - CREA-AC , South Africa , KwaZulu-Natal , 25 Jan, 2017 , 7 Jul, 2024 , 15 Feb, 2016 , D - Divorciado , Raya Arnold , 562.526.538 , SSP/MS , Benin , 751751539-80 , Porter York , C - Comercial , NC - Não Comprovado , V - Visual , R , PE - Permanente ( Diplomado no Exterior ) , 9 - A Recadastrar , M , A+ , 1 , 437172467-10 , Christian Wilson , Newcastle , 2023-10-01 15:54:50 , 2025-02-15 17:28:18 , 2025-02-15 08:36:36 , 2025-03-20 23:34:14 , natoque.penatibus.et@gmail.com , Ap #827-636 Consectetuer St. , Sim , Sim , https://ebay.com , Guinevere Burks , Ethan MaleBeasley , Cameron FemaleMcknight , Branden Donovan , 761.500.661.061.372.133 , 279.626.352.644.497 , 566.463.633.268.140 , 581.182.271.432 , 3614879343 , 3 , Agrônomo , WC , FS , 0
14 - CREA-MG , 12 - CREA-MT , Turkey , Bursa , 16 Jan, 1980 , 12 Oct, 2024 , 7 Nov, 2013 , O - Outros , Jakeem Bentley , 135.314.202 , SSP/DF , Bahrain , 738611712-26 , Hu Lynn , C - Comercial , N - Negativo , O - Outros , C , PE - Permanente ( Diplomado no Exterior ) , 13 - Migrado CFTA , M , AB- , 4 , 367925669-81 , Denton Bradley , Mustafakemalpaşa , 2023-12-02 04:15:06 , 2023-09-12 04:52:07 , 2025-01-01 04:10:49 , 2025-03-30 03:26:15 , donec.non@gmail.com , 682-5130 Sit Street , Sim , Sim , https://netflix.com , Nicole Fulton , Benjamin MaleYoung , Martha FemaleRatliff , Jakeem Giles , 323.088.961.746.557.350 , 774.342.727.566.366 , 311.747.939.572.320 , 454.842.434.563 , 8666036385 , 8 , Geocientista , Aydın , Konya , 1
22 - CREA-RS , 05 - CREA-BA , China , Zhōngnán , 26 Aug, 1999 , 18 Apr, 2024 , 3 Dec, 2012 , O - Outros , Anne Williamson , 391.396.146 , SSP/DF , Spain , 475216237-52 , Carla Galloway , P - Postal , NC - Não Comprovado , N - Nenhuma , C , TR - Termo de Reciprocidade , 5 - Cancelado por Falta de Pagamento de Anuidade , M , A+ , 3 , 042571771-45 , Denise York , Hong Kong , 2024-12-21 16:03:33 , 2024-02-23 22:40:21 , 2023-09-21 23:36:39 , 2023-09-06 15:07:13 , dapibus.id@hotmail.com , Ap #409-7363 Pede, St. , Não , Não , http://walmart.com , Leroy Workman , Griffith MaleCantu , Lael FemaleLe , Andrew Erickson , 166.508.274.838.805.739 , 518.155.328.008.411 , 897.502.269.467.347 , 583.151.266.504 , 0835144064 , 4 , Engenheiro , Dōngběi , Huáběi , 3
13 - CREA-MS , 08 - CREA-ES , Nigeria , Lagos , 21 Oct, 1953 , 25 Jun, 2025 , 28 Apr, 2008 , N - Não Informado , Keaton Payne , 655.378.313 , SSP/SP , Falkland Islands , 466061336-63 , Rajah Mcintyre , C - Comercial , N - Negativo , VL - Visual Locomotora , R , TR - Termo de Reciprocidade , 12 - Migrado CFT Industriais , F , B- , 3 , 173778696-36 , Jerome Barker , Lagos , 2025-03-16 18:10:34 , 2025-05-25 06:29:40 , 2025-02-01 10:26:40 , 2024-02-19 02:17:45 , risus.odio@hotmail.com , Ap #964-610 Duis St. , Sim , Sim , http://zoom.us , Fredericka Moody , Elmo MaleGolden , Ginger FemaleGood , Chester Crawford , 522.575.015.364.925.424 , 580.335.930.866.732 , 959.788.707.760.917 , 825.942.501.622 , 9984041782 , 8 , Geocientista , KT , OG , 0
05 - CREA-BA , 07 - CREA-DF , South Korea , North Jeolla , 27 Nov, 1963 , 25 Feb, 2025 , 13 May, 2011 , J - Separados Judicialmente , Vladimir Franks , 768.305.644 , SSP/DF , Poland , 787201663-63 , Brent Sanford , P - Postal , P - Positivo , VL - Visual Locomotora , C , PE - Permanente ( Diplomado no Exterior ) , 13 - Migrado CFTA , F , A+ , 9 , 144712442-81 , Vaughan Adkins , Gunsan , 2024-04-05 20:28:31 , 2023-12-24 04:20:40 , 2024-09-03 21:51:27 , 2024-12-05 01:30:32 , sagittis.lobortis.mauris@gmail.com , P.O. Box 161, 8125 Tristique Street , Sim , Não , http://zoom.us , Simon Hendricks , Aladdin MaleMeyer , Gwendolyn FemaleWorkman , Tatiana Ruiz , 568.055.752.491.234.567 , 472.421.118.456.260 , 262.622.731.273.401 , 466.164.767.487 , 6655678444 , 1 , Agrônomo , Gyeongbuk , Jeonbuk , 0
26 - CREA-SP , 02 - CREA-AL , Nigeria , Kogi , 31 Dec, 1957 , 13 Feb, 2024 , 19 Jul, 2013 , C - Casado , Ulric Singleton , 734.489.351 , SSP/DF , Korea, South , 764766876-86 , Merrill Rutledge , R - Residencial , P - Positivo , VL - Visual Locomotora , R , TE - Temporário ( Diplomado no Exterior ) , 6 - Cancelado por Má Conduta Pública , M , B+ , 2 , 502525355-63 , Kimberley Anderson , Okene , 2024-01-15 19:04:15 , 2024-03-11 05:45:07 , 2024-04-18 06:38:15 , 2025-03-06 10:28:29 , curabitur.consequat@gmail.com , Ap #959-3294 Dignissim. Av. , Sim , Não , http://facebook.com , Chloe Miles , Ahmed MaleCarroll , Mara FemaleGalloway , Simon Poole , 314.664.614.289.267.392 , 434.276.685.176.248 , 222.414.516.330.818 , 865.765.419.822 , 2564781998 , 5 , Agrônomo , LA , BA , 5
10 - CREA-GO , 03 - CREA-AP , South Africa , KwaZulu-Natal , 3 Nov, 2003 , 29 May, 2025 , 14 Apr, 2025 , V - Viúvo , Gisela Stevens , 034.242.740 , SSP/DF , South Georgia and The South Sandwich Islands , 139877616-52 , Chase Norton , R - Residencial , N - Negativo , VAL - Visual Auditiva Locomotora , R , PP - Permanentre ( Diplomado no País ) , 11 - Migrado CAU , F , O- , 2 , 178304516-53 , Jerry Barker , Pinetown , 2024-04-21 17:07:52 , 2024-03-31 00:51:11 , 2024-01-04 08:34:57 , 2024-01-12 23:48:20 , montes.nascetur@hotmail.com , P.O. Box 983, 2847 Sed Street , Sim , Sim , http://nytimes.com , Maris Burks , Otto MaleDavis , Oprah FemaleHenderson , Arthur Dunn , 574.921.338.972.478.324 , 336.557.784.352.310 , 300.870.433.869.922 , 241.467.123.463 , 2839927755 , 7 , Agrônomo , FS , NC , 1
19 - CREA-PI , 09 - CREA-RR , Ukraine , Khmelnytskyi oblast , 8 Jun, 2025 , 14 May, 2024 , 1 Sep, 2009 , N - Não Informado , Jerome Lara , 435.754.625 , SSP/SP , Liberia , 766227886-69 , Sean Rodriquez , R - Residencial , N - Negativo , N - Nenhuma , R , PE - Permanente ( Diplomado no Exterior ) , 6 - Cancelado por Má Conduta Pública , M , O- , 9 , 689640253-75 , Dana Nichols , Khmelnytskyi , 2023-10-04 02:58:40 , 2023-09-13 15:59:42 , 2023-10-21 23:07:43 , 2023-08-26 17:59:34 , orci@hotmail.com , 749-2905 Neque Road , Não , Não , https://guardian.co.uk , Deborah Madden , Bruno MaleBlankenship , Meredith FemaleCurry , Zelenia Fitzgerald , 150.535.311.336.707.358 , 873.505.525.513.834 , 946.906.707.188.413 , 181.238.473.853 , 6680734548 , 5 , Geocientista , CH , OD , 2
19 - CREA-PI , 24 - CREA-TO , Chile , Magallanes y Antártica Chilena , 2 Oct, 1953 , 8 Sep, 2024 , 4 Apr, 2012 , C - Casado , Palmer Evans , 461.671.413 , SSP/DF , Switzerland , 778476361-71 , Norman Pope , P - Postal , NC - Não Comprovado , V - Visual , C , PE - Permanente ( Diplomado no Exterior ) , 10 - Cancelado por Determinação Judicial , F , O+ , 4 , 374079867-44 , Kelly Cooper , Río Verde , 2023-10-22 23:45:54 , 2023-10-07 21:56:09 , 2025-03-30 22:59:46 , 2023-12-21 09:41:42 , orci.ut@gmail.com , 264-454 Facilisis, St. , Sim , Não , http://youtube.com , Maia Rivas , Steven MaleCantrell , Noelle FemaleGuzman , Carlos Francis , 603.813.782.358.308.812 , 255.144.153.675.188 , 925.785.925.781.958 , 264.878.471.613 , 6958462507 , 8 , Geocientista , V , II , 5
22 - CREA-RS , 12 - CREA-MT , South Korea , Jeju , 3 Jan, 1966 , 20 Jan, 2024 , 5 Nov, 2010 , S - Solteiro , Richard Ball , 708.523.750 , SSP/MS , United Arab Emirates , 614887328-24 , MacKenzie Curtis , C - Comercial , N - Negativo , V - Visual , R , TE - Temporário ( Diplomado no Exterior ) , 2 - Ativo , F , O- , 2 , 648018624-62 , Madeline Arnold , Jeju , 2023-12-01 08:25:25 , 2025-04-08 08:19:41 , 2025-07-10 10:31:55 , 2024-01-14 04:48:24 , ipsum.leo@hotmail.com , 186-455 Malesuada Avenue , Não , Sim , http://baidu.com , Melvin Bradshaw , Tyler MaleBenjamin , Amela FemaleNewman , Blake Best , 415.573.517.418.417.936 , 533.734.483.022.371 , 192.921.917.648.958 , 204.855.700.286 , 1122222361 , 3 , Engenheiro , Chungnam , Chungnam , 1
07 - CREA-DF , 15 - CREA-PA , Sweden , Jönköpings län , 10 Dec, 1950 , 12 Aug, 2024 , 30 Jul, 2021 , N - Não Informado , Quemby Ayala , 763.596.537 , SSP/MS , Martinique , 271008692-33 , Lamar Durham , C - Comercial , D - Fraco , VAL - Visual Auditiva Locomotora , R , PE - Permanente ( Diplomado no Exterior ) , 10 - Cancelado por Determinação Judicial , M , B+ , 1 , 768535394-95 , Mufutau Carey , Jönköping , 2023-09-09 06:24:44 , 2024-02-28 00:00:17 , 2023-11-12 14:55:48 , 2023-08-25 12:29:16 , donec@hotmail.com , 5862 Accumsan Street , Não , Não , http://cnn.com , Alea Buchanan , Henry MaleRay , Leandra FemaleMccarthy , Violet Lucas , 082.730.585.814.222.312 , 343.823.157.798.013 , 808.167.691.826.504 , 537.436.718.642 , 8001538258 , 8 , Geocientista , AB , W , 0
